{
    "homepage":{
        "terms":"  Inscripciones abiertas del jueves 9 de marzo del 2023 al martes 9 de mayo del 2023 o hasta que se inscriban 100 personas, lo primero que ocurra. Para ser un ganador la persona debe 1). Ser dueño de un camión MACK. 2). Inscribirseen el formulario de la página www.soyjauriamack.com, y diligenciar la totalidad de los datos, los cuales deben ser los mismos de la tarjeta de propiedad del camión MACK, si la persona que diligencia el formulario no es la misma que figura como propietario del camión MACK entonces debe diligenciar los datos del propietario 3). Presentar al  momento de reclamar el premio, la tarjeta de propiedad del camión. Si una persona es dueño de más de un camión MACK, sólo se puede inscribir una vez. El ganador dueño del camión MACK debe ser la persona que reclame el premio. El ganador tiene hasta el 31 de mayo para reclamar su premio (gorra MACK+tarjeta de miembro+ 15% o 25% de descuento) en el taller de Inchcape Colombia S.A.S (antes PracoDidacol) seleccionado. Esta campaña aplica únicamente para los siguientes talleres de Inchcape Colombia S.A.S (antes PracoDidacol) a nivel nacional: BOGOTÁ: FONTIBÓN Diagonal 16 Cra 96i - 15 Tel: (1) 3808959, SIBERIA - COTA: Calle 80 Autopista Medellin, Km 1.2 vía Siberia costado Sur Tel: (1) 3808920, ANTIOQUIA - ITAGÜÍ: Cra 42 No. 46-130 Autopista Sur Tel: (4) 2040210, CALI-YUMBO: Sede Norte Cra. 36 No.15-95 Acopi-Yumbo Tel: (2) 3692100, BUCARAMANGA: Calle 70 # 32W-92 Km 4 Vía Girón, Tel: (7) 6910200, BARRANQUILLA: Parque Logístico BAQ: Calle 110 (Avenida Circunvalar) # 9G-600- Bodega2, Tel: (605) 3160300.  *La gorra emblemática Mack corresponde a una gorra gris referencia M3391, 100% algodón, logotipo de MACK en 3D, cierre a presión - ajustable; este artículo es mercancía con licencia oficial de Mack Trucks, Inc, país de origen: EEUU. El participante debe seleccionar el taller de Inchcape Colombia S.A.S (antes PracoDidacol) donde desea reclamar su gorra y sólo podrá reclamarla en el punto seleccionado (no se harán envíos de premios). **El 15% de descuento en repuestos MACK es válido del 9 de marzo hasta el 31 de mayo del 2023 o hasta agotar unides existentes, lo primero que ocurra. El 15% de descuento en repuestos MACK aplica únicamente para repuestos comprados por mostrador el día que el ganador reclame su premio (Gorra + Tarjeta de miembro) en el taller seleccionado. El 25% de descuento es válido del 9 de marzo hasta el 31 de mayo del 2023 o hasta agotar unides existentes, lo primero que ocurra. El 25% de descuento aplica sólo para repuestos MACK instalados en taller el día que el ganador reclame su premio (gorra MACK + tarjeta) en el taller seleccionado. ***La TARJETA DE MIEMBRO JAURÍA MACK válida del 1 de febrero hasta el 30 de diciembre del 2023 o hasta agotar existencias, lo que primero ocurra, es una tarjeta que le permitirá al ganador acceder a descuentos exclusivos durante el año 2023, los cuales serán comunicados por medio de los canales oficiales de Inchcape Colombia S.A.S (antes Praco Didacol). El participante debe seleccionar el taller de Inchcape Colombia S.A.S (antes PracoDidacol) donde desea reclamar su tarjeta y sólo podrá reclamarla en el punto seleccionado (no se harán envíos de premios). El ganador que se inscriba sólo puede acceder a los descuentos el mismo día que reclame la gorra + tarjeta de miembro en el taller de Inchcape Colombia S.A.S (antes PracoDidacol) previamente seleccionado, los descuentos únicamente se otorgarán en facturas realizadas a nombre del propietario registrado de la tarjeta (tarjeta de miembro). Cualquier pago o transferencia deberá realizarse única y exclusivamente a las cuentas bancarias de Inchcape Colombia S.A.S (antes PRACO DIDACOL S.A.S), Identificadas con el NIT 860.047.657-1. Absténgase de realizar pagos a cuentas no autorizadas o que no sean de propiedad de Inchcape Colombia S.A.S (antes PRACO DIDACOL S.A.S). Cualquier irregularidad por favor no dude en reportarla haciendo uso de los mecanismos institucionales. Tras el cierre de publicación, pueden haberse producido cambios en el precio que sugerimos verificar con su asesor de preferencia al momento de realizar el cambio de aceite. Esta oferta, no es acumulable, canjeable ni transferible con otras ofertas y/o promociones de la marca. Esta campaña NO aplica para convenios de flotas.",
        "text_area":"Declaro que he sido informado por el grupo empresarial compuesto por las sociedades Praco Didacol S.A.S, Distribuidora Hino de Colombia S.A.S, Inmobiliaria Inchcape Colombia S.A.S y Matrase S.A.S,; en adelante Las Compañías, que serán el Responsable del Tratamiento de mis Datos Personales, por lo que autorizo de manera previa,",
        "only_colombia":"Válido sólo para Colombia.",
        "reward":"Los premios no aplican para convenios de flotas.",
        "register":"REGÍSTRATE Y GANA",
        "person":"si una persona tiene más de un (1) camión MACK a su nombre sólo se puede inscribir una vez.",
        "data":"Los datos registrados deben pertenecer a la persona que figura en la tarjeta de propiedad del vehículo MACK;"

    },
    "thankspage":{
        "address":"Puedes reclamar tu premio en Bogotá PracoDidacol sede Calle 80.Dirección: Calle 80 Autopista Medellín, Km 1.2 vía Siberia Costado Sur.",
        "thanks":"¡Gracias por registrarte!",
        "reward":"¡Quiero ir por mi premio!",
        "advice":"No olvides que para reclamar tu premio debes ser el dueño del camión MACK y debes presentar la tarjeta de propiedad de tu vehículo MACK. Si por algún motivo no puedes reclamar el premio personalmente, debes enviar un correo autorizando a la persona que va a reclamarlo."
    } 
}